{"title":"Stats per match","data":{"Fouls":{"Average":26.3412005504,"Value":28.8552631579,"isAboveMean":true},"Freekicks":{"Average":1.1421709236,"Value":1.13,"isAboveMean":false},"Goals":{"Average":2.7125077399,"Value":2.6947368421,"isAboveMean":false},"Penalties":{"Average":1.62155639,"Value":1.6294964029,"isAboveMean":true},"Saves":{"Average":5.6409791675,"Value":5.6312997347,"isAboveMean":false},"Shots":{"Average":23.7997805756,"Value":22.535971223,"isAboveMean":false}}}